{"rgi_id": "RGI60-11.02704", "t_star": 1940, "bias": 0.5507291110417611, "mu_star_glacierwide": 203.85892915232574, "mu_star_per_flowline": [203.85892915232566, 203.85892915232566, 203.85892915232566], "mu_star_flowline_avg": 203.85892915232566, "mu_star_allsame": true}