rgi_id,t_star,mu_star,prcp_fac,bias
RGI60-11.00892,1970,138.69683291615237,2.5,-1.6110063715240701
