{"rgi_id": "RGI60-11.01776", "t_star": 1885, "bias": 0.13293815906695272, "mu_star_glacierwide": 121.84861326843071, "mu_star_per_flowline": [121.84861326843065, 121.84861326843065], "mu_star_flowline_avg": 121.84861326843065, "mu_star_allsame": true}