rgi_id,t_star,mu_star,prcp_fac,bias
RGI60-11.03674,1925,158.97515429077163,2.5,64.67050935836426
