rgi_id,t_star,mu_star,prcp_fac,bias
RGI60-11.00781,1930,98.92851866474618,2.5,-2.0962749270730683
