rgi_id,t_star,mu_star,prcp_fac,bias
RGI60-11.01450,1970,251.6532975937055,2.5,4.157543342629366
