{"rgi_id": "RGI60-11.03643", "t_star": 1978, "bias": 3.7629366328214933, "mu_star_glacierwide": 93.864465543887, "mu_star_per_flowline": [94.58118118127616, 94.58118118127616, 94.58118118127616, 94.58118118127616, 67.08566649234741, 94.58118118127616, 94.58118118127616, 94.58118118127616], "mu_star_flowline_avg": 93.99894614430475, "mu_star_allsame": false}