{"rgi_id": "RGI60-11.01238", "t_star": 1901, "bias": 37.13984276772271, "mu_star_glacierwide": 159.22497638369623, "mu_star_per_flowline": [159.22497638369632, 159.22497638369632, 159.22497638369632, 159.22497638369632, 159.22497638369632, 159.22497638369632], "mu_star_flowline_avg": 159.22497638369632, "mu_star_allsame": true}