{"rgi_id": "RGI60-11.02671", "t_star": 1922, "bias": -2.6502924136282218, "mu_star_glacierwide": 146.71685378407025, "mu_star_per_flowline": [146.71685378407028], "mu_star_flowline_avg": 146.71685378407028, "mu_star_allsame": true}