rgi_id,t_star,mu_star,prcp_fac,bias
RGI60-11.00807,1925,113.67825840380263,2.5,-14.610136094074619
