rgi_id,t_star,mu_star,prcp_fac,bias
RGI60-11.00300,1933,107.51457785454544,2.5,-19.12519337268168
