rgi_id,t_star,mu_star,prcp_fac,bias
RGI60-11.00918,1927,160.4475194442013,2.5,-40.84334389160554
