{"rgi_id": "RGI60-11.01270", "t_star": 1909, "bias": 59.39856206984309, "mu_star_glacierwide": 161.8670361448676, "mu_star_per_flowline": [161.86703614486754, 161.86703614486754, 161.86703614486754, 161.86703614486754], "mu_star_flowline_avg": 161.86703614486754, "mu_star_allsame": true}