{"rgi_id": "RGI60-11.02249", "t_star": 1970, "bias": 719.1077974809717, "mu_star_glacierwide": 79.14888340266847, "mu_star_per_flowline": [79.14888340266843, 79.14888340266843], "mu_star_flowline_avg": 79.14888340266843, "mu_star_allsame": true}