rgi_id,t_star,mu_star,prcp_fac,bias
RGI60-11.00843,1978,181.80926189202359,2.5,-4.857380053555944
