{"rgi_id": "RGI60-11.02766", "t_star": 1931, "bias": 4.127460261749206, "mu_star_glacierwide": 130.58661077643123, "mu_star_per_flowline": [130.5866107764312, 130.5866107764312, 130.5866107764312, 130.5866107764312, 130.5866107764312, 130.5866107764312], "mu_star_flowline_avg": 130.58661077643123, "mu_star_allsame": true}