{"rgi_id": "RGI60-11.00897", "t_star": 1927, "bias": 1.7323552369587103, "mu_star_glacierwide": 118.04976262975762, "mu_star_per_flowline": [118.04976262975765, 118.04976262975765, 118.04976262975765], "mu_star_flowline_avg": 118.04976262975765, "mu_star_allsame": true}