{"rgi_id": "RGI60-11.00002", "t_star": 1898, "bias": -3.687421116788755, "mu_star_glacierwide": 58.669691858986845, "mu_star_per_flowline": [58.66969185898685, 58.66969185898685], "mu_star_flowline_avg": 58.66969185898686, "mu_star_allsame": true}