{"rgi_id": "RGI60-11.00638", "t_star": 1911, "bias": 139.20419827971205, "mu_star_glacierwide": 95.5794880709641, "mu_star_per_flowline": [95.57948807096408], "mu_star_flowline_avg": 95.57948807096408, "mu_star_allsame": true}