{"rgi_id": "RGI60-11.02774", "t_star": 1964, "bias": -1.1063359319653614, "mu_star_glacierwide": 137.01497287437658, "mu_star_per_flowline": [137.0149728743766, 137.0149728743766, 137.0149728743766], "mu_star_flowline_avg": 137.0149728743766, "mu_star_allsame": true}