rgi_id,t_star,mu_star,prcp_fac,bias
RGI60-11.03643,1963,159.9268567095613,2.5,-55.78561557585863
