{"rgi_id": "RGI60-11.00106", "t_star": 1880, "bias": 0.3514741763939355, "mu_star_glacierwide": 115.2789917931878, "mu_star_per_flowline": [115.27899179318774, 115.27899179318774, 115.27899179318774, 115.27899179318774, 115.27899179318774, 115.27899179318774, 115.27899179318774], "mu_star_flowline_avg": 115.27899179318773, "mu_star_allsame": true}