{"rgi_id": "RGI60-11.00787", "t_star": 1981, "bias": -5.913775916737193, "mu_star_glacierwide": 136.9380277023546, "mu_star_per_flowline": [136.9380277023546, 136.9380277023546, 136.9380277023546, 136.9380277023546], "mu_star_flowline_avg": 136.9380277023546, "mu_star_allsame": true}