{"rgi_id": "RGI60-11.02679", "t_star": 1982, "bias": 3.917871370759968, "mu_star_glacierwide": 179.79123109580593, "mu_star_per_flowline": [166.67925813943526, 181.05390946281577], "mu_star_flowline_avg": 179.86230942518802, "mu_star_allsame": false}