{"rgi_id": "RGI60-11.03084", "t_star": 1879, "bias": 0.373974438691107, "mu_star_glacierwide": 172.0579617986597, "mu_star_per_flowline": [172.05796179865973], "mu_star_flowline_avg": 172.05796179865973, "mu_star_allsame": true}