{"rgi_id": "RGI60-11.02648", "t_star": 1999, "bias": -2.0633892180725084, "mu_star_glacierwide": 36.78042563796883, "mu_star_per_flowline": [36.78042563796885], "mu_star_flowline_avg": 36.78042563796885, "mu_star_allsame": true}