{"rgi_id": "RGI60-11.00289", "t_star": 1971, "bias": 0.5673178766875253, "mu_star_glacierwide": 74.35050935670729, "mu_star_per_flowline": [74.35050935670728], "mu_star_flowline_avg": 74.35050935670728, "mu_star_allsame": true}