rgi_id,t_star,mu_star,prcp_fac,bias
RGI60-11.00012,1961,137.468016511329,2.5,20.19336718766817
