rgi_id,t_star,mu_star,prcp_fac,bias
RGI60-11.00897,1931,189.30605565161673,2.5,24.448157393261
