{"rgi_id": "RGI60-11.00781", "t_star": 1905, "bias": 9.211179815883614, "mu_star_glacierwide": 67.12974346298442, "mu_star_per_flowline": [67.1297434629844, 67.1297434629844, 67.1297434629844, 67.1297434629844, 67.1297434629844], "mu_star_flowline_avg": 67.1297434629844, "mu_star_allsame": true}