{"rgi_id": "RGI60-11.00892", "t_star": 1902, "bias": 0.023664027471625104, "mu_star_glacierwide": 82.98822935206955, "mu_star_per_flowline": [82.98822935206954], "mu_star_flowline_avg": 82.98822935206954, "mu_star_allsame": true}