{"rgi_id": "RGI60-11.00807", "t_star": 1905, "bias": 255.49304797463932, "mu_star_glacierwide": 68.17803637640324, "mu_star_per_flowline": [68.17803637640326, 68.17803637640326, 68.17803637640326], "mu_star_flowline_avg": 68.17803637640327, "mu_star_allsame": true}