rgi_id,t_star,mu_star,prcp_fac,bias
RGI60-11.02679,1958,317.41389698791824,2.5,10.219867427794526
