rgi_id,t_star,mu_star,prcp_fac,bias
RGI60-11.01834,1926,206.81403012714017,2.5,20.201152172863203
