rgi_id,t_star,mu_star,prcp_fac,bias
RGI60-11.00797,1981,113.62379471716386,2.5,34.998569951672835
