rgi_id,t_star,mu_star,prcp_fac,bias
RGI60-11.02766,1985,204.9847153357822,2.5,3.12203012039879
