rgi_id,t_star,mu_star,prcp_fac,bias
RGI60-11.03135,1905,229.7007479578894,2.5,-69.55765952977276
