rgi_id,t_star,mu_star,prcp_fac,bias
RGI60-11.03671,1965,127.15312003185252,2.5,10.237763247028395
