{"rgi_id": "RGI60-11.01876", "t_star": 1900, "bias": 4.002011280366787, "mu_star_glacierwide": 117.45956045737141, "mu_star_per_flowline": [117.45956045737144, 117.45956045737144, 117.45956045737144], "mu_star_flowline_avg": 117.45956045737142, "mu_star_allsame": true}