rgi_id,t_star,mu_star,prcp_fac,bias
RGI60-11.00106,1976,177.12064984764876,2.5,39.583375154225344
