{"rgi_id": "RGI60-11.01704", "t_star": 1882, "bias": -11.969029634736446, "mu_star_glacierwide": 135.41501458891256, "mu_star_per_flowline": [135.41501458891253], "mu_star_flowline_avg": 135.41501458891253, "mu_star_allsame": true}