rgi_id,t_star,mu_star,prcp_fac,bias
RGI60-11.00787,1983,249.14648352143038,2.5,15.452157122435464
