rgi_id,t_star,mu_star,prcp_fac,bias
RGI60-11.02764,1984,514.9816232282683,2.5,-4.339450191993819
