rgi_id,t_star,mu_star,prcp_fac,bias
RGI60-11.01270,1964,241.46307867454195,2.5,9.266170176022474
