rgi_id,t_star,mu_star,prcp_fac,bias
RGI60-11.01876,1927,188.81428976300785,2.5,-70.3127716355134
