{"rgi_id": "RGI60-11.01662", "t_star": 1879, "bias": 12.863432314566696, "mu_star_glacierwide": 72.47712014377716, "mu_star_per_flowline": [72.47712014377716], "mu_star_flowline_avg": 72.47712014377716, "mu_star_allsame": true}