rgi_id,t_star,mu_star,prcp_fac,bias
RGI60-11.03756,1922,142.5619444615298,2.5,445.3639573742298
