rgi_id,t_star,mu_star,prcp_fac,bias
RGI60-11.00719,1981,229.7059645581491,2.5,36.979343773549935
