{"rgi_id": "RGI60-11.00719", "t_star": 1973, "bias": 7.92238213312811, "mu_star_glacierwide": 135.55520208763846, "mu_star_per_flowline": [135.55520208763843, 135.55520208763843, 135.55520208763843], "mu_star_flowline_avg": 135.55520208763843, "mu_star_allsame": true}