{"rgi_id": "RGI60-11.00918", "t_star": 1925, "bias": 14.959425223142803, "mu_star_glacierwide": 94.17187632875331, "mu_star_per_flowline": [84.87241673015684, 95.70670551090556], "mu_star_flowline_avg": 94.25480440853954, "mu_star_allsame": false}