{"rgi_id": "RGI60-11.00073", "t_star": 1978, "bias": 1.5346863926383776, "mu_star_glacierwide": 109.23432680624914, "mu_star_per_flowline": [109.23432680624911], "mu_star_flowline_avg": 109.23432680624911, "mu_star_allsame": true}