rgi_id,t_star,mu_star,prcp_fac,bias
RGI60-11.02285,1905,71.23898199060223,2.5,96.43649436901876
