{"rgi_id": "RGI60-11.03671", "t_star": 1903, "bias": 129.67275226917695, "mu_star_glacierwide": 79.14413484566978, "mu_star_per_flowline": [79.14413484566978], "mu_star_flowline_avg": 79.14413484566978, "mu_star_allsame": true}