{"rgi_id": "RGI60-11.01987", "t_star": 1932, "bias": -0.9755001142772244, "mu_star_glacierwide": 101.46321850656119, "mu_star_per_flowline": [101.46321850656118], "mu_star_flowline_avg": 101.46321850656118, "mu_star_allsame": true}