rgi_id,t_star,mu_star,prcp_fac,bias
RGI60-11.01662,1976,111.16123381943977,2.5,43.64199586109351
