{"rgi_id": "RGI60-11.00929", "t_star": 1885, "bias": 1.9492336427463213, "mu_star_glacierwide": 67.45531739272505, "mu_star_per_flowline": [67.45531739272505], "mu_star_flowline_avg": 67.45531739272505, "mu_star_allsame": true}