{"rgi_id": "RGI60-11.02746", "t_star": 1930, "bias": -0.21408856180724456, "mu_star_glacierwide": 114.74331342577554, "mu_star_per_flowline": [114.74331342577557], "mu_star_flowline_avg": 114.74331342577557, "mu_star_allsame": true}