rgi_id,t_star,mu_star,prcp_fac,bias
RGI60-11.00251,1991,154.35659975156258,2.5,-9.362636533564
