{"rgi_id": "RGI60-11.00603", "t_star": 1911, "bias": 211.88046899749668, "mu_star_glacierwide": 65.62350990005186, "mu_star_per_flowline": [65.62350990005186, 65.62350990005186], "mu_star_flowline_avg": 65.62350990005186, "mu_star_allsame": true}