rgi_id,t_star,mu_star,prcp_fac,bias
RGI60-11.03246,1958,83.45477471721604,2.5,0.6127240143549386
