rgi_id,t_star,mu_star,prcp_fac,bias
RGI60-11.03166,1958,110.44105340489904,2.5,19.531359212844734
