rgi_id,t_star,mu_star,prcp_fac,bias
RGI60-11.02072,1911,151.78994584635834,2.5,447.1868741182989
