{"rgi_id": "RGI60-11.02072", "t_star": 1911, "bias": 745.2487835459888, "mu_star_glacierwide": 87.20371859848447, "mu_star_per_flowline": [84.58868798229119, 88.5148979705626, 85.37108341707308, 85.37108341707308, 88.5148979705626], "mu_star_flowline_avg": 87.22638537935471, "mu_star_allsame": false}