rgi_id,t_star,mu_star,prcp_fac,bias
RGI60-11.02746,1961,191.89337267019778,2.5,44.280402217690686
