rgi_id,t_star,mu_star,prcp_fac,bias
RGI60-11.03638,1965,154.80931930082872,2.5,-65.84096109669724
