{"rgi_id": "RGI60-11.00804", "t_star": 1885, "bias": -5.6518728650314065, "mu_star_glacierwide": 67.84232172475497, "mu_star_per_flowline": [67.84232172475498, 67.84232172475498, 67.84232172475498], "mu_star_flowline_avg": 67.84232172475498, "mu_star_allsame": true}