{"rgi_id": "RGI60-11.03135", "t_star": 1903, "bias": 417.3018217503602, "mu_star_glacierwide": 128.1191654872662, "mu_star_per_flowline": [128.11916548726623, 128.11916548726623], "mu_star_flowline_avg": 128.11916548726626, "mu_star_allsame": true}