rgi_id,t_star,mu_star,prcp_fac,bias
RGI60-11.00080,1960,158.77637713114427,2.5,-1.112955691056527
