rgi_id,t_star,mu_star,prcp_fac,bias
RGI60-11.00638,1971,144.75108147780193,2.5,27.37345789982692
