rgi_id,t_star,mu_star,prcp_fac,bias
RGI60-11.01704,1976,209.94858902492848,2.5,36.979202303331476
