rgi_id,t_star,mu_star,prcp_fac,bias
RGI60-11.01776,1975,186.3230092253399,2.5,-13.043460127028313
