{"rgi_id": "RGI60-11.03246", "t_star": 1993, "bias": -0.10665981754405607, "mu_star_glacierwide": 46.32784030224289, "mu_star_per_flowline": [46.327840302242876], "mu_star_flowline_avg": 46.327840302242876, "mu_star_allsame": true}