{"rgi_id": "RGI60-11.00012", "t_star": 1934, "bias": -1.42594093839557, "mu_star_glacierwide": 81.96378266189582, "mu_star_per_flowline": [81.96378266189582], "mu_star_flowline_avg": 81.96378266189582, "mu_star_allsame": true}