{"rgi_id": "RGI60-11.00647", "t_star": 1979, "bias": 1.4747695030673642, "mu_star_glacierwide": 86.3789604351477, "mu_star_per_flowline": [86.37896043514769, 86.37896043514769], "mu_star_flowline_avg": 86.3789604351477, "mu_star_allsame": true}