rgi_id,t_star,mu_star,prcp_fac,bias
RGI60-11.01238,1912,270.2263889109983,2.5,-0.8557592554348048
