{"rgi_id": "RGI60-11.03756", "t_star": 1925, "bias": 666.5637970128113, "mu_star_glacierwide": 82.70736404104191, "mu_star_per_flowline": [82.70736404104196, 82.70736404104196], "mu_star_flowline_avg": 82.70736404104196, "mu_star_allsame": true}