{"rgi_id": "RGI60-11.00251", "t_star": 1983, "bias": -0.13997002993983187, "mu_star_glacierwide": 97.4736100194223, "mu_star_per_flowline": [97.47361001942231, 97.47361001942231], "mu_star_flowline_avg": 97.47361001942231, "mu_star_allsame": true}