rgi_id,t_star,mu_star,prcp_fac,bias
RGI60-11.00002,1977,85.86173500508353,2.5,-23.355920090308253
