rgi_id,t_star,mu_star,prcp_fac,bias
RGI60-11.02704,1938,368.7628062159849,2.5,0.34227000955948483
