rgi_id,t_star,mu_star,prcp_fac,bias
RGI60-11.01930,1980,203.01514236606903,2.5,-56.81913445828263
