rgi_id,t_star,mu_star,prcp_fac,bias
RGI60-11.02774,1959,232.9862969098044,2.5,0.6994227919387299
