rgi_id,t_star,mu_star,prcp_fac,bias
RGI60-11.02249,1911,134.6580877889676,2.5,497.7443563982042
