{"rgi_id": "RGI60-11.02773", "t_star": 1982, "bias": 2.7478114053044465, "mu_star_glacierwide": 184.26699430071827, "mu_star_per_flowline": [184.2669943007183, 184.2669943007183, 184.2669943007183, 184.2669943007183], "mu_star_flowline_avg": 184.26699430071832, "mu_star_allsame": true}