rgi_id,t_star,mu_star,prcp_fac,bias
RGI60-11.00603,1927,105.90247814087728,2.5,-33.86433399078976
