{"rgi_id": "RGI60-11.00797", "t_star": 1931, "bias": -9.761173226233039, "mu_star_glacierwide": 74.24417294046249, "mu_star_per_flowline": [74.24417294046253, 74.24417294046253, 74.24417294046253], "mu_star_flowline_avg": 74.24417294046253, "mu_star_allsame": true}