{"rgi_id": "RGI60-11.00843", "t_star": 1973, "bias": 1.935295164846167, "mu_star_glacierwide": 107.64900275261851, "mu_star_per_flowline": [93.28107124396428, 108.5810789105645], "mu_star_flowline_avg": 107.74154571060309, "mu_star_allsame": false}