{"rgi_id": "RGI60-11.00190", "t_star": 1984, "bias": 14.463397525032859, "mu_star_glacierwide": 145.71313946443493, "mu_star_per_flowline": [145.71313946443496], "mu_star_flowline_avg": 145.71313946443496, "mu_star_allsame": true}