rgi_id,t_star,mu_star,prcp_fac,bias
RGI60-11.00190,1992,238.4028850631514,2.5,-12.963568127785491
