{"rgi_id": "RGI60-11.03674", "t_star": 1925, "bias": 299.64149930714154, "mu_star_glacierwide": 92.23907416887339, "mu_star_per_flowline": [88.51887884802737, 92.75131616883502], "mu_star_flowline_avg": 92.25242214973525, "mu_star_allsame": false}