rgi_id,t_star,mu_star,prcp_fac,bias
RGI60-11.00073,1961,206.74129620108863,2.5,19.91175255318899
