rgi_id,t_star,mu_star,prcp_fac,bias
RGI60-11.02773,1984,323.0898045906735,2.5,-23.312109444621452
