{"rgi_id": "RGI60-11.02285", "t_star": 1905, "bias": 230.62520403128082, "mu_star_glacierwide": 42.934162314468324, "mu_star_per_flowline": [39.98758893525148, 43.416145361604705, 43.416145361604705], "mu_star_flowline_avg": 42.95595161872478, "mu_star_allsame": false}