rgi_id,t_star,mu_star,prcp_fac,bias
RGI60-11.02245,1903,116.54579347905567,2.5,121.13265539880024
