{"rgi_id": "RGI60-11.00300", "t_star": 1899, "bias": -10.681848533448829, "mu_star_glacierwide": 73.0856219508016, "mu_star_per_flowline": [73.08562195080161], "mu_star_flowline_avg": 73.08562195080161, "mu_star_allsame": true}