rgi_id,t_star,mu_star,prcp_fac,bias
RGI60-11.00929,1928,116.58770779768456,2.5,-22.965320415941505
