{"rgi_id": "RGI60-11.02245", "t_star": 1903, "bias": 289.4512019726245, "mu_star_glacierwide": 68.13858085106499, "mu_star_per_flowline": [68.13858085106503, 68.13858085106503, 68.13858085106503], "mu_star_flowline_avg": 68.13858085106504, "mu_star_allsame": true}