rgi_id,t_star,mu_star,prcp_fac,bias
RGI60-11.02214,1928,126.72083343434475,2.5,52.65688304121989
