{"rgi_id": "RGI60-11.00619", "t_star": 1879, "bias": -4.92347054683205, "mu_star_glacierwide": 97.47568492591286, "mu_star_per_flowline": [97.47568492591283, 97.47568492591283], "mu_star_flowline_avg": 97.47568492591283, "mu_star_allsame": true}