rgi_id,t_star,mu_star,prcp_fac,bias
RGI60-11.00289,1981,112.32963915016701,2.5,36.73795951222371
