rgi_id,t_star,mu_star,prcp_fac,bias
RGI60-11.02671,1928,253.66569271788183,2.5,1.58088560672968
