rgi_id,t_star,mu_star,prcp_fac,bias
RGI60-11.00804,1931,108.2132742843879,2.5,7.802279074134332
