{"rgi_id": "RGI60-11.01450", "t_star": 1903, "bias": 57.70593229409559, "mu_star_glacierwide": 150.05553898384258, "mu_star_per_flowline": [150.05553898384264, 150.05553898384264, 150.05553898384264, 150.05553898384264, 150.05553898384264, 150.05553898384264], "mu_star_flowline_avg": 150.0555389838426, "mu_star_allsame": true}