rgi_id,t_star,mu_star,prcp_fac,bias
RGI60-11.02648,1997,60.482974682568866,2.5,14.442736976824243
