{"rgi_id": "RGI60-11.01930", "t_star": 1874, "bias": 19.975469872948448, "mu_star_glacierwide": 130.06100864856606, "mu_star_per_flowline": [130.06100864856606], "mu_star_flowline_avg": 130.06100864856606, "mu_star_allsame": true}