{"rgi_id": "RGI60-11.03638", "t_star": 1966, "bias": 152.4631158843159, "mu_star_glacierwide": 92.48072873456279, "mu_star_per_flowline": [92.48072873456279, 92.48072873456279, 92.48072873456279, 92.48072873456279, 92.48072873456279, 92.48072873456279], "mu_star_flowline_avg": 92.48072873456279, "mu_star_allsame": true}