{"rgi_id": "RGI60-11.01834", "t_star": 1903, "bias": 195.80895421786113, "mu_star_glacierwide": 124.35814998402486, "mu_star_per_flowline": [124.35814998402489, 124.35814998402489, 124.35814998402489], "mu_star_flowline_avg": 124.35814998402488, "mu_star_allsame": true}