{"rgi_id": "RGI60-11.02764", "t_star": 1936, "bias": 13.194933538560688, "mu_star_glacierwide": 271.1816440495173, "mu_star_per_flowline": [239.69179216894534, 274.2462182545632], "mu_star_flowline_avg": 271.50154385855194, "mu_star_allsame": false}