{"rgi_id": "RGI60-11.03166", "t_star": 1929, "bias": 1.0891252301718737, "mu_star_glacierwide": 70.60350390996868, "mu_star_per_flowline": [70.60350390996867], "mu_star_flowline_avg": 70.60350390996867, "mu_star_allsame": true}