rgi_id,t_star,mu_star,prcp_fac,bias
RGI60-11.00619,1982,149.066726149835,2.5,-15.73879685081124
