{"rgi_id": "RGI60-11.02214", "t_star": 1903, "bias": 154.82606302666082, "mu_star_glacierwide": 81.10150884133338, "mu_star_per_flowline": [81.10150884133337], "mu_star_flowline_avg": 81.10150884133337, "mu_star_allsame": true}