rgi_id,t_star,mu_star,prcp_fac,bias
RGI60-11.01987,1990,158.83276776856752,2.5,31.67130525188384
