{"rgi_id": "RGI60-11.00080", "t_star": 1936, "bias": 0.9402502574049548, "mu_star_glacierwide": 97.5667260681285, "mu_star_per_flowline": [97.56672606812852, 97.56672606812852], "mu_star_flowline_avg": 97.56672606812852, "mu_star_allsame": true}