rgi_id,t_star,mu_star,prcp_fac,bias
RGI60-11.03084,1956,290.91427595346454,2.5,11.477989030789216
