rgi_id,t_star,mu_star,prcp_fac,bias
RGI60-11.00647,1988,131.3210656788138,2.5,63.354617829806564
